{"process": "singlecross", "radius": 10, "concentration": 5, "iterations": 50, "interaction_type": "DQ", "r_components": [9.218952711959033e-07, 1.59520732086711e-05, 7.623088950306332e-07, 1.4222541662844688e-07, 1.873141210968224e-07, 1.4222541662844735e-07, 0.0, 8.206847771634588e-08, 1.606657088036799e-05, 2.069329348079698e-07, 1.1310860601781983e-06, 1.7360959536822714e-08, 0.0, 7.345811500990807e-07, 9.437719390813728e-07, 3.214306065048642e-07, 1.732047298180192e-05, 8.432633189067093e-08, 1.6184423033959498e-07, 4.2667624988534086e-07, 1.7360959536822786e-08, 7.519421096359033e-07, 9.614905594984662e-06, 1.6184423033959477e-07, 9.330454761727765e-06, 1.71211886280317e-05, 3.9424705590479285e-07, 6.2449664005198e-08, 1.5393403133820557e-06, 2.8445083325689444e-07, 1.8731412109682208e-07, 1.1275228596018396e-06, 8.59445607190702e-07, 1.7360959536822786e-08, 7.172201905622579e-07, 1.620879629699644e-05, 9.695668726298973e-06, 1.7191747223257284e-05, 2.6127366759276374e-07, 1.5764759087574302e-05, 8.732247951211047e-06, 6.244966400519792e-08, 1.6016780726850482e-05, 1.4222541662844666e-07, 1.0386507970671196e-06, 3.0406964696804164e-07, 1.4222541662844688e-07, 2.497637851020206e-07, 1.5868704233175926e-05, 2.4315543994734337e-05]}